Workbook

Sheet Inputs
A1: Mumbai Dabbawalas - Inputs
A2: Yellow/blue cells are inputs you can change. The Calculator sheet updates automatically.
A4: Input | B4: Value | C4: Source / note
A5: Lunchboxes delivered per day | B5: 200000 | C5: Medium (The Lunchtime Miracle); Wikipedia gives a range of 175,000-200,000
A6: Number of dabbawalas | B6: 5000 | C6: Medium; Wikipedia gives 4,500-5,000
A7: Average group size (people) | B7: 20 | C7: ISSSP: autonomous groups of about 20
A8: Handoffs per box per day (there and back) | B8: 12 | C8: ISSSP: at least 6 handoffs each way
A9: Working days per year | B9: 250 | C9: MY ASSUMPTION (about 5 days x 50 weeks)
A10: Claimed error rate: 1 error in N boxes (common figure) | B10: 6000000 | C10: Often quoted; an estimate by the association president in 1998, not a rigorous study (Wikipedia)
A11: Claimed error rate: 1 error in N boxes (other figure) | B11: 16000000 | C11: Also widely quoted; same caveat
A12: Six Sigma benchmark (defects per million) | B12: 3.4 | C12: Standard Six Sigma definition
A13: What-if error rate 1: 1 error in N boxes | B13: 100000 | C13: MY WHAT-IF, for testing the claim
A14: What-if error rate 2: 1 error in N boxes | B14: 10000 | C14: MY WHAT-IF, for testing the claim
A16: Assumption: each error rate is applied per lunchbox delivered (the sources do not say exactly what unit the rate counts).

Sheet Calculator
A1: Mumbai Dabbawalas - Calculator
A2: All cells are formulas linked to the Inputs sheet.
A4: Part 1: Workload | B4: Result | C4: How it is calculated
A5: Boxes per dabbawala per day | B5: =Inputs!B5/Inputs!B6 -> 40 | C5: Boxes per day / dabbawalas
A6: Number of groups | B6: =Inputs!B6/Inputs!B7 -> 250 | C6: Dabbawalas / group size
A7: Boxes per group per day | B7: =Inputs!B5/B6 -> 800 | C7: Boxes per day / groups
A8: Handoffs per day (all boxes) | B8: =Inputs!B5*Inputs!B8 -> 2400000 | C8: Boxes per day x handoffs per box
A9: Boxes delivered per year | B9: =Inputs!B5*Inputs!B9 -> 50000000 | C9: Boxes per day x working days
A11: Part 2: Test the error claim | B11: 1 error in N boxes | C11: Errors per day | D11: Errors per year | E11: Defects per million | F11: Accuracy | G11: Meets Six Sigma?
A12: Claim: 1 in 16 million | B12: =Inputs!B11 -> 16000000 | C12: =Inputs!$B$5/B12 -> 0.0125 | D12: =C12*Inputs!$B$9 -> 3.125 | E12: =1000000/B12 -> 0.0625 | F12: =1-1/B12 -> 0.99999994 | G12: =IF(ROUND(E12,2)<=Inputs!$B$12,"Yes","No") -> Yes
A13: Claim: 1 in 6 million | B13: =Inputs!B10 -> 6000000 | C13: =Inputs!$B$5/B13 -> 0.033333333 | D13: =C13*Inputs!$B$9 -> 8.3333333 | E13: =1000000/B13 -> 0.16666667 | F13: =1-1/B13 -> 0.99999983 | G13: =IF(ROUND(E13,2)<=Inputs!$B$12,"Yes","No") -> Yes
A14: Exactly the Six Sigma limit | B14: =1000000/Inputs!B12 -> 294117.65 | C14: =Inputs!$B$5/B14 -> 0.68 | D14: =C14*Inputs!$B$9 -> 170 | E14: =1000000/B14 -> 3.4 | F14: =1-1/B14 -> 0.9999966 | G14: =IF(ROUND(E14,2)<=Inputs!$B$12,"Yes","No") -> Yes
A15: What-if 1 | B15: =Inputs!B13 -> 100000 | C15: =Inputs!$B$5/B15 -> 2 | D15: =C15*Inputs!$B$9 -> 500 | E15: =1000000/B15 -> 10 | F15: =1-1/B15 -> 0.99999 | G15: =IF(ROUND(E15,2)<=Inputs!$B$12,"Yes","No") -> No
A16: What-if 2 | B16: =Inputs!B14 -> 10000 | C16: =Inputs!$B$5/B16 -> 20 | D16: =C16*Inputs!$B$9 -> 5000 | E16: =1000000/B16 -> 100 | F16: =1-1/B16 -> 0.9999 | G16: =IF(ROUND(E16,2)<=Inputs!$B$12,"Yes","No") -> No
A18: What this shows
A19: Even at the Six Sigma limit the system makes less than one error a day on this volume, so the claim is impressive but not impossible.
A20: The What-if rows show the real error rate could be far worse than the claim and the system would still look very reliable.
A21: That is why the claim is hard to verify: nobody has measured it rigorously.
